-- ── 자금 풀 초기 데이터 ───────────────────────────────────────
-- KRW: target 100억, safeFloor 80억(80%), floor 60억(60%), ceiling 120억(120%)
-- USD: target 650만, safeFloor 520만(80%), floor 390만(60%), ceiling 780만(120%)
INSERT INTO company_pools (currency_code, balance, target_balance, floor_balance, safe_floor_balance, ceiling_balance, created_at, updated_at)
VALUES
    ('KRW', 10000000000.00, 10000000000.00, 6000000000.00, 8000000000.00, 12000000000.00, now(), now()),
    ('USD',     6500000.00,     6500000.00,    3900000.00,    5200000.00,     7800000.00, now(), now())
ON CONFLICT (currency_code) DO NOTHING;

-- ── 통화 ──────────────────────────────────────────────────
INSERT INTO currencies (currency_code, currency_name, symbol, decimal_places, created_at)
VALUES
    ('KRW', '원화', '₩', 0, now()),
    ('USD', '미국 달러', '$', 2, now())
ON CONFLICT (currency_code) DO NOTHING;

-- ── 한도 정책 초기 데이터 ──────────────────────────────────
INSERT INTO transaction_limits (limit_type, tier, currency_code, limit_amount, is_active, created_at, updated_at)
VALUES
    ('PER_REMITTANCE',    'STANDARD', 'USD', 5000.00000000,    true, now(), now()),
    ('ANNUAL_REMITTANCE', 'STANDARD', 'USD', 100000.00000000,  true, now(), now()),

    --  모의계좌 입출금: 한도 사실상 비활성화 (큰 값). 추후 한도를 적용 하고 싶을 시 교체.
    ('PER_DEPOSIT',       'STANDARD', 'KRW', 9999999999.00000000, true, now(), now()), -- 원래값 2000000
    ('PER_DEPOSIT',       'ENHANCED', 'KRW', 9999999999.00000000, true, now(), now()), -- 원래값 3000000
    ('DAILY_DEPOSIT',     'STANDARD', 'KRW', 9999999999.00000000, true, now(), now()), -- 원래값 2000000
    ('DAILY_DEPOSIT',     'ENHANCED', 'KRW', 9999999999.00000000, true, now(), now()), -- 원래값 3000000
    ('PER_WITHDRAWAL',    'STANDARD', 'KRW', 9999999999.00000000, true, now(), now()), -- 원래값 2000000
    ('PER_WITHDRAWAL',    'ENHANCED', 'KRW', 9999999999.00000000, true, now(), now()), -- 원래값 3000000
    ('DAILY_WITHDRAWAL',  'STANDARD', 'KRW', 9999999999.00000000, true, now(), now()), -- 원래값 2000000
    ('DAILY_WITHDRAWAL',  'ENHANCED', 'KRW', 9999999999.00000000, true, now(), now()), -- 원래값 3000000


    -- 환전 한도.
    ('PER_EXCHANGE',      'STANDARD', 'KRW', 2000000.00000000, true, now(), now()),
    ('PER_EXCHANGE',      'ENHANCED', 'KRW', 3000000.00000000, true, now(), now()),
    ('DAILY_EXCHANGE',    'STANDARD', 'KRW', 2000000.00000000, true, now(), now()),
    ('DAILY_EXCHANGE',    'ENHANCED', 'KRW', 3000000.00000000, true, now(), now()),
    ('ANNUAL_EXCHANGE',   'STANDARD', 'USD', 100000.00000000,  true, now(), now())

    ON CONFLICT ON CONSTRAINT uk_limit_type_tier_currency DO NOTHING;

-- ── 성능 인덱스 ───────────────────────────────────────────────
CREATE INDEX IF NOT EXISTS idx_ledger_entries_created_at ON ledger_entries(created_at DESC);
CREATE INDEX IF NOT EXISTS idx_rebalancing_orders_status_created_at ON rebalancing_orders(status, created_at DESC);

-- ═══════════════════════════════════════════════════════════════
-- 테스트 유저 (password: Password1!)
-- test1~test10 + recipient
-- ═══════════════════════════════════════════════════════════════
INSERT INTO users (id, email, name, password_hash, role, status, kyc_status, limit_tier, wallet_limit_krw, created_at, updated_at)
VALUES
    (1,  'test1@example.com',     'Test1',     '$2a$10$reqiGLwnF.Zyzqr/T9evfeGP/9nWl5eIKh2DP9nGTL0sNse8IBQzy', 'USER', 'ACTIVE', 'COMPLETED', 'STANDARD', 2000000, now(), now()),
    (2,  'test2@example.com',     'Test2',     '$2a$10$reqiGLwnF.Zyzqr/T9evfeGP/9nWl5eIKh2DP9nGTL0sNse8IBQzy', 'USER', 'ACTIVE', 'COMPLETED', 'STANDARD', 2000000, now(), now()),
    (3,  'test3@example.com',     'Test3',     '$2a$10$reqiGLwnF.Zyzqr/T9evfeGP/9nWl5eIKh2DP9nGTL0sNse8IBQzy', 'USER', 'ACTIVE', 'COMPLETED', 'STANDARD', 2000000, now(), now()),
    (4,  'test4@example.com',     'Test4',     '$2a$10$reqiGLwnF.Zyzqr/T9evfeGP/9nWl5eIKh2DP9nGTL0sNse8IBQzy', 'USER', 'ACTIVE', 'COMPLETED', 'STANDARD', 2000000, now(), now()),
    (5,  'test5@example.com',     'Test5',     '$2a$10$reqiGLwnF.Zyzqr/T9evfeGP/9nWl5eIKh2DP9nGTL0sNse8IBQzy', 'USER', 'ACTIVE', 'COMPLETED', 'STANDARD', 2000000, now(), now()),
    (6,  'test6@example.com',     'Test6',     '$2a$10$reqiGLwnF.Zyzqr/T9evfeGP/9nWl5eIKh2DP9nGTL0sNse8IBQzy', 'USER', 'ACTIVE', 'COMPLETED', 'STANDARD', 2000000, now(), now()),
    (7,  'test7@example.com',     'Test7',     '$2a$10$reqiGLwnF.Zyzqr/T9evfeGP/9nWl5eIKh2DP9nGTL0sNse8IBQzy', 'USER', 'ACTIVE', 'COMPLETED', 'STANDARD', 2000000, now(), now()),
    (8,  'test8@example.com',     'Test8',     '$2a$10$reqiGLwnF.Zyzqr/T9evfeGP/9nWl5eIKh2DP9nGTL0sNse8IBQzy', 'USER', 'ACTIVE', 'COMPLETED', 'STANDARD', 2000000, now(), now()),
    (9,  'test9@example.com',     'Test9',     '$2a$10$reqiGLwnF.Zyzqr/T9evfeGP/9nWl5eIKh2DP9nGTL0sNse8IBQzy', 'USER', 'ACTIVE', 'COMPLETED', 'STANDARD', 2000000, now(), now()),
    (10, 'test10@example.com',    'Test10',    '$2a$10$reqiGLwnF.Zyzqr/T9evfeGP/9nWl5eIKh2DP9nGTL0sNse8IBQzy', 'USER', 'ACTIVE', 'COMPLETED', 'STANDARD', 2000000, now(), now()),
    (11, 'recipient@example.com', 'Recipient', '$2a$10$reqiGLwnF.Zyzqr/T9evfeGP/9nWl5eIKh2DP9nGTL0sNse8IBQzy', 'USER', 'ACTIVE', 'COMPLETED', 'STANDARD', 2000000, now(), now())
ON CONFLICT (email) DO NOTHING;

SELECT setval(pg_get_serial_sequence('users', 'id'), COALESCE(MAX(id), 1), true) FROM users;

-- ── 지갑 (KRW + USD per user, wallet_id = user_id*2-1/user_id*2) ──
INSERT INTO wallets (id, user_id, currency_code, balance, version, deleted_at, created_at, updated_at)
VALUES
    (1,  1,  'KRW', 5000000.00, 0, NULL, now(), now()),
    (2,  1,  'USD',    3000.00, 0, NULL, now(), now()),
    (3,  2,  'KRW', 3000000.00, 0, NULL, now(), now()),
    (4,  2,  'USD',    1500.00, 0, NULL, now(), now()),
    (5,  3,  'KRW', 2000000.00, 0, NULL, now(), now()),
    (6,  3,  'USD',     800.00, 0, NULL, now(), now()),
    (7,  4,  'KRW', 8000000.00, 0, NULL, now(), now()),
    (8,  4,  'USD',    5000.00, 0, NULL, now(), now()),
    (9,  5,  'KRW', 1000000.00, 0, NULL, now(), now()),
    (10, 5,  'USD',     500.00, 0, NULL, now(), now()),
    (11, 6,  'KRW', 4000000.00, 0, NULL, now(), now()),
    (12, 6,  'USD',    2000.00, 0, NULL, now(), now()),
    (13, 7,  'KRW', 6000000.00, 0, NULL, now(), now()),
    (14, 7,  'USD',    4000.00, 0, NULL, now(), now()),
    (15, 8,  'KRW', 2500000.00, 0, NULL, now(), now()),
    (16, 8,  'USD',    1200.00, 0, NULL, now(), now()),
    (17, 9,  'KRW', 3500000.00, 0, NULL, now(), now()),
    (18, 9,  'USD',    1800.00, 0, NULL, now(), now()),
    (19, 10, 'KRW', 7000000.00, 0, NULL, now(), now()),
    (20, 10, 'USD',    3500.00, 0, NULL, now(), now()),
    (21, 11, 'KRW', 2000000.00, 0, NULL, now(), now()),
    (22, 11, 'USD',    1000.00, 0, NULL, now(), now())
ON CONFLICT DO NOTHING;

SELECT setval(pg_get_serial_sequence('wallets', 'id'), COALESCE(MAX(id), 1), true) FROM wallets;

-- ── 모의 은행 계좌 ────────────────────────────────────────────
INSERT INTO mock_bank_accounts (id, user_id, owner_type, currency_code, bank_name, account_number, account_holder_name, balance, version, deleted_at, created_at, updated_at)
VALUES
    (1,  1,  'USER',      'KRW', '국민은행',       '12345678901', 'Test1',     50000000.00, 0, NULL, now(), now()),
    (2,  2,  'USER',      'KRW', '신한은행',       '23456789012', 'Test2',     30000000.00, 0, NULL, now(), now()),
    (3,  3,  'USER',      'KRW', '우리은행',       '34567890123', 'Test3',     20000000.00, 0, NULL, now(), now()),
    (4,  4,  'USER',      'KRW', '하나은행',       '45678901234', 'Test4',     80000000.00, 0, NULL, now(), now()),
    (5,  5,  'USER',      'KRW', '국민은행',       '56789012345', 'Test5',     10000000.00, 0, NULL, now(), now()),
    (6,  6,  'USER',      'KRW', '신한은행',       '67890123456', 'Test6',     40000000.00, 0, NULL, now(), now()),
    (7,  7,  'USER',      'KRW', '우리은행',       '78901234567', 'Test7',     60000000.00, 0, NULL, now(), now()),
    (8,  8,  'USER',      'KRW', '하나은행',       '89012345678', 'Test8',     25000000.00, 0, NULL, now(), now()),
    (9,  9,  'USER',      'KRW', '국민은행',       '90123456789', 'Test9',     35000000.00, 0, NULL, now(), now()),
    (10, 10, 'USER',      'KRW', '신한은행',       '01234567890', 'Test10',    70000000.00, 0, NULL, now(), now()),
    (11, 11, 'USER',      'KRW', '우리은행',       '11234567890', 'Recipient', 20000000.00, 0, NULL, now(), now()),
    (12, NULL, 'RECIPIENT', 'USD', 'Bank of America', '10000001',   'Test1',     10000.00,    0, NULL, now(), now()),
    (13, NULL, 'RECIPIENT', 'USD', 'Bank of America', '10000011',   'Recipient', 5000.00,     0, NULL, now(), now()),
    (14, NULL, 'RECIPIENT', 'USD', 'Chase',           '10000002',   'Test2',     5000.00,     0, NULL, now(), now())
ON CONFLICT DO NOTHING;

SELECT setval(pg_get_serial_sequence('mock_bank_accounts', 'id'), COALESCE(MAX(id), 1), true) FROM mock_bank_accounts;

-- ── 수취인 (test1이 recipient를 수취인으로 등록, 그 외 몇 쌍 추가) ──
INSERT INTO recipients (id, user_id, target_user_id, name, country_code, currency_code, bank_name, account_number, deleted_at, created_at, updated_at)
VALUES
    (1, 1,  11, 'Recipient', 'US', 'USD', 'Bank of America', '10000011', NULL, now(), now()),
    (2, 1,  2,  'Test2',     'US', 'USD', 'Chase',           '10000002', NULL, now(), now()),
    (3, 2,  1,  'Test1',     'US', 'USD', 'Bank of America', '10000001', NULL, now(), now()),
    (4, 3,  11, 'Recipient', 'US', 'USD', 'Bank of America', '10000011', NULL, now(), now()),
    (5, 4,  1,  'Test1',     'US', 'USD', 'Bank of America', '10000001', NULL, now(), now())
ON CONFLICT DO NOTHING;

SELECT setval(pg_get_serial_sequence('recipients', 'id'), COALESCE(MAX(id), 1), true) FROM recipients;
-- ═══════════════════════════════════════════════════════════════
-- 환율 추이 차트용 과거 시세 (USD/KRW, 2026-06-01 00:00 ~ 06-26 11:00, 1시간 간격)
-- 출처: Twelve Data time_series(1h) 실측 종가(close)를 mid_rate로 사용 (timezone=Asia/Seoul).
-- 1W=시간버킷 / 1M=일버킷 차트용. 첫 실데이터(06-26 12:35)의 시간버킷(12:00)과 겹치지 않게 11:00까지만 적재.
-- fx_rates는 UNIQUE 키가 없어 ON CONFLICT 대신, '과거 구간(< 06-26 12:00) 부재' 조건으로 멱등 처리.
-- ═══════════════════════════════════════════════════════════════
INSERT INTO fx_rates (base_currency, quote_currency, mid_rate, spread, source, fetched_at, created_at, updated_at)
SELECT 'USD', 'KRW', v.mid, 0, 'TwelveData', v.fetched, now(), now()
FROM (VALUES
    (1507.55409::numeric, TIMESTAMP '2026-06-01 00:00:00'),
    (1507.53718::numeric, TIMESTAMP '2026-06-01 01:00:00'),
    (1507.55907::numeric, TIMESTAMP '2026-06-01 02:00:00'),
    (1506.91493::numeric, TIMESTAMP '2026-06-01 03:00:00'),
    (1507.57036::numeric, TIMESTAMP '2026-06-01 04:00:00'),
    (1507.68863::numeric, TIMESTAMP '2026-06-01 05:00:00'),
    (1507.04612::numeric, TIMESTAMP '2026-06-01 06:00:00'),
    (1507.51797::numeric, TIMESTAMP '2026-06-01 07:00:00'),
    (1508.00137::numeric, TIMESTAMP '2026-06-01 08:00:00'),
    (1512.61197::numeric, TIMESTAMP '2026-06-01 09:00:00'),
    (1514.78412::numeric, TIMESTAMP '2026-06-01 10:00:00'),
    (1516.32663::numeric, TIMESTAMP '2026-06-01 11:00:00'),
    (1516.10611::numeric, TIMESTAMP '2026-06-01 12:00:00'),
    (1514.52153::numeric, TIMESTAMP '2026-06-01 13:00:00'),
    (1504.15688::numeric, TIMESTAMP '2026-06-01 14:00:00'),
    (1505.13138::numeric, TIMESTAMP '2026-06-01 15:00:00'),
    (1507.42324::numeric, TIMESTAMP '2026-06-01 16:00:00'),
    (1506.98735::numeric, TIMESTAMP '2026-06-01 17:00:00'),
    (1508.83443::numeric, TIMESTAMP '2026-06-01 18:00:00'),
    (1508.62167::numeric, TIMESTAMP '2026-06-01 19:00:00'),
    (1508.91385::numeric, TIMESTAMP '2026-06-01 20:00:00'),
    (1508.93638::numeric, TIMESTAMP '2026-06-01 21:00:00'),
    (1512.00874::numeric, TIMESTAMP '2026-06-01 22:00:00'),
    (1512.5625::numeric, TIMESTAMP '2026-06-01 23:00:00'),
    (1511.88629::numeric, TIMESTAMP '2026-06-02 00:00:00'),
    (1513.21696::numeric, TIMESTAMP '2026-06-02 01:00:00'),
    (1513.11455::numeric, TIMESTAMP '2026-06-02 02:00:00'),
    (1513.34962::numeric, TIMESTAMP '2026-06-02 03:00:00'),
    (1513.61547::numeric, TIMESTAMP '2026-06-02 04:00:00'),
    (1513.9502::numeric, TIMESTAMP '2026-06-02 05:00:00'),
    (1512.98543::numeric, TIMESTAMP '2026-06-02 06:00:00'),
    (1511.6294::numeric, TIMESTAMP '2026-06-02 07:00:00'),
    (1511.73932::numeric, TIMESTAMP '2026-06-02 08:00:00'),
    (1512.06657::numeric, TIMESTAMP '2026-06-02 09:00:00'),
    (1516.46834::numeric, TIMESTAMP '2026-06-02 10:00:00'),
    (1517.94495::numeric, TIMESTAMP '2026-06-02 11:00:00'),
    (1517.97367::numeric, TIMESTAMP '2026-06-02 12:00:00'),
    (1515.15816::numeric, TIMESTAMP '2026-06-02 13:00:00'),
    (1516.63191::numeric, TIMESTAMP '2026-06-02 14:00:00'),
    (1518.93044::numeric, TIMESTAMP '2026-06-02 15:00:00'),
    (1518.81304::numeric, TIMESTAMP '2026-06-02 16:00:00'),
    (1518.11974::numeric, TIMESTAMP '2026-06-02 17:00:00'),
    (1517.63736::numeric, TIMESTAMP '2026-06-02 18:00:00'),
    (1517.53089::numeric, TIMESTAMP '2026-06-02 19:00:00'),
    (1517.24434::numeric, TIMESTAMP '2026-06-02 20:00:00'),
    (1516.75104::numeric, TIMESTAMP '2026-06-02 21:00:00'),
    (1516.21958::numeric, TIMESTAMP '2026-06-02 22:00:00'),
    (1516.81738::numeric, TIMESTAMP '2026-06-02 23:00:00'),
    (1517.37446::numeric, TIMESTAMP '2026-06-03 00:00:00'),
    (1518.0518::numeric, TIMESTAMP '2026-06-03 01:00:00'),
    (1519.04814::numeric, TIMESTAMP '2026-06-03 02:00:00'),
    (1517.45181::numeric, TIMESTAMP '2026-06-03 03:00:00'),
    (1517.90234::numeric, TIMESTAMP '2026-06-03 04:00:00'),
    (1517.4855::numeric, TIMESTAMP '2026-06-03 05:00:00'),
    (1516.86618::numeric, TIMESTAMP '2026-06-03 06:00:00'),
    (1516.02554::numeric, TIMESTAMP '2026-06-03 07:00:00'),
    (1518.50977::numeric, TIMESTAMP '2026-06-03 08:00:00'),
    (1517.81939::numeric, TIMESTAMP '2026-06-03 09:00:00'),
    (1516.24565::numeric, TIMESTAMP '2026-06-03 10:00:00'),
    (1518.80271::numeric, TIMESTAMP '2026-06-03 11:00:00'),
    (1519.47791::numeric, TIMESTAMP '2026-06-03 12:00:00'),
    (1518.46498::numeric, TIMESTAMP '2026-06-03 13:00:00'),
    (1524.38716::numeric, TIMESTAMP '2026-06-03 14:00:00'),
    (1526.49129::numeric, TIMESTAMP '2026-06-03 15:00:00'),
    (1529.35687::numeric, TIMESTAMP '2026-06-03 16:00:00'),
    (1529.76565::numeric, TIMESTAMP '2026-06-03 17:00:00'),
    (1529.27922::numeric, TIMESTAMP '2026-06-03 18:00:00'),
    (1528.7271::numeric, TIMESTAMP '2026-06-03 19:00:00'),
    (1529.0061::numeric, TIMESTAMP '2026-06-03 20:00:00'),
    (1529.02048::numeric, TIMESTAMP '2026-06-03 21:00:00'),
    (1530.75908::numeric, TIMESTAMP '2026-06-03 22:00:00'),
    (1530.27932::numeric, TIMESTAMP '2026-06-03 23:00:00'),
    (1530.1643::numeric, TIMESTAMP '2026-06-04 00:00:00'),
    (1530.75006::numeric, TIMESTAMP '2026-06-04 01:00:00'),
    (1533.40628::numeric, TIMESTAMP '2026-06-04 02:00:00'),
    (1532.48298::numeric, TIMESTAMP '2026-06-04 03:00:00'),
    (1535.06688::numeric, TIMESTAMP '2026-06-04 04:00:00'),
    (1534.56115::numeric, TIMESTAMP '2026-06-04 05:00:00'),
    (1531.73351::numeric, TIMESTAMP '2026-06-04 06:00:00'),
    (1531.2945::numeric, TIMESTAMP '2026-06-04 07:00:00'),
    (1530.51169::numeric, TIMESTAMP '2026-06-04 08:00:00'),
    (1528.07113::numeric, TIMESTAMP '2026-06-04 09:00:00'),
    (1530.28348::numeric, TIMESTAMP '2026-06-04 10:00:00'),
    (1527.89374::numeric, TIMESTAMP '2026-06-04 11:00:00'),
    (1529.78667::numeric, TIMESTAMP '2026-06-04 12:00:00'),
    (1529.70623::numeric, TIMESTAMP '2026-06-04 13:00:00'),
    (1529.77644::numeric, TIMESTAMP '2026-06-04 14:00:00'),
    (1531.46917::numeric, TIMESTAMP '2026-06-04 15:00:00'),
    (1538.91135::numeric, TIMESTAMP '2026-06-04 16:00:00'),
    (1538.61705::numeric, TIMESTAMP '2026-06-04 17:00:00'),
    (1536.01477::numeric, TIMESTAMP '2026-06-04 18:00:00'),
    (1534.20883::numeric, TIMESTAMP '2026-06-04 19:00:00'),
    (1532.39789::numeric, TIMESTAMP '2026-06-04 20:00:00'),
    (1532.85932::numeric, TIMESTAMP '2026-06-04 21:00:00'),
    (1531.76034::numeric, TIMESTAMP '2026-06-04 22:00:00'),
    (1531.96594::numeric, TIMESTAMP '2026-06-04 23:00:00'),
    (1531.90423::numeric, TIMESTAMP '2026-06-05 00:00:00'),
    (1532.37885::numeric, TIMESTAMP '2026-06-05 01:00:00'),
    (1532.51402::numeric, TIMESTAMP '2026-06-05 02:00:00'),
    (1533.08317::numeric, TIMESTAMP '2026-06-05 03:00:00'),
    (1532.68823::numeric, TIMESTAMP '2026-06-05 04:00:00'),
    (1533.11158::numeric, TIMESTAMP '2026-06-05 05:00:00'),
    (1532.89067::numeric, TIMESTAMP '2026-06-05 06:00:00'),
    (1533.20374::numeric, TIMESTAMP '2026-06-05 07:00:00'),
    (1533.78356::numeric, TIMESTAMP '2026-06-05 08:00:00'),
    (1540.29384::numeric, TIMESTAMP '2026-06-05 09:00:00'),
    (1548.28687::numeric, TIMESTAMP '2026-06-05 10:00:00'),
    (1543.84505::numeric, TIMESTAMP '2026-06-05 11:00:00'),
    (1545.95708::numeric, TIMESTAMP '2026-06-05 12:00:00'),
    (1542.21355::numeric, TIMESTAMP '2026-06-05 13:00:00'),
    (1542.90666::numeric, TIMESTAMP '2026-06-05 14:00:00'),
    (1540.08524::numeric, TIMESTAMP '2026-06-05 15:00:00'),
    (1541.00099::numeric, TIMESTAMP '2026-06-05 16:00:00'),
    (1539.49813::numeric, TIMESTAMP '2026-06-05 17:00:00'),
    (1537.84801::numeric, TIMESTAMP '2026-06-05 18:00:00'),
    (1537.87701::numeric, TIMESTAMP '2026-06-05 19:00:00'),
    (1542.12676::numeric, TIMESTAMP '2026-06-05 20:00:00'),
    (1549.91296::numeric, TIMESTAMP '2026-06-05 21:00:00'),
    (1553.28465::numeric, TIMESTAMP '2026-06-05 22:00:00'),
    (1553.75615::numeric, TIMESTAMP '2026-06-05 23:00:00'),
    (1555.74798::numeric, TIMESTAMP '2026-06-06 00:00:00'),
    (1558.61983::numeric, TIMESTAMP '2026-06-06 01:00:00'),
    (1559.07699::numeric, TIMESTAMP '2026-06-06 02:00:00'),
    (1559.50802::numeric, TIMESTAMP '2026-06-06 03:00:00'),
    (1559.37484::numeric, TIMESTAMP '2026-06-06 04:00:00'),
    (1559.08783::numeric, TIMESTAMP '2026-06-06 05:00:00'),
    (1553.10725::numeric, TIMESTAMP '2026-06-06 06:00:00'),
    (1559.72231::numeric, TIMESTAMP '2026-06-06 07:00:00'),
    (1551.44349::numeric, TIMESTAMP '2026-06-06 08:00:00'),
    (1550.75558::numeric, TIMESTAMP '2026-06-06 09:00:00'),
    (1550.76161::numeric, TIMESTAMP '2026-06-06 10:00:00'),
    (1546.34068::numeric, TIMESTAMP '2026-06-06 11:00:00'),
    (1548.61114::numeric, TIMESTAMP '2026-06-06 12:00:00'),
    (1550.71685::numeric, TIMESTAMP '2026-06-06 13:00:00'),
    (1550.56903::numeric, TIMESTAMP '2026-06-06 14:00:00'),
    (1550.5754::numeric, TIMESTAMP '2026-06-06 15:00:00'),
    (1550.68316::numeric, TIMESTAMP '2026-06-06 16:00:00'),
    (1550.76583::numeric, TIMESTAMP '2026-06-06 17:00:00'),
    (1550.68136::numeric, TIMESTAMP '2026-06-06 18:00:00'),
    (1550.57215::numeric, TIMESTAMP '2026-06-06 19:00:00'),
    (1548.73256::numeric, TIMESTAMP '2026-06-06 20:00:00'),
    (1549.902::numeric, TIMESTAMP '2026-06-06 21:00:00'),
    (1549.83237::numeric, TIMESTAMP '2026-06-06 22:00:00'),
    (1549.83464::numeric, TIMESTAMP '2026-06-06 23:00:00'),
    (1549.83711::numeric, TIMESTAMP '2026-06-07 00:00:00'),
    (1550.38959::numeric, TIMESTAMP '2026-06-07 01:00:00'),
    (1549.8342::numeric, TIMESTAMP '2026-06-07 02:00:00'),
    (1549.82941::numeric, TIMESTAMP '2026-06-07 03:00:00'),
    (1549.81595::numeric, TIMESTAMP '2026-06-07 04:00:00'),
    (1549.82185::numeric, TIMESTAMP '2026-06-07 05:00:00'),
    (1549.90865::numeric, TIMESTAMP '2026-06-07 06:00:00'),
    (1549.8387::numeric, TIMESTAMP '2026-06-07 07:00:00'),
    (1549.88656::numeric, TIMESTAMP '2026-06-07 08:00:00'),
    (1553.19452::numeric, TIMESTAMP '2026-06-07 09:00:00'),
    (1548.63787::numeric, TIMESTAMP '2026-06-07 10:00:00'),
    (1548.64179::numeric, TIMESTAMP '2026-06-07 11:00:00'),
    (1549.31885::numeric, TIMESTAMP '2026-06-07 12:00:00'),
    (1549.32201::numeric, TIMESTAMP '2026-06-07 13:00:00'),
    (1549.32644::numeric, TIMESTAMP '2026-06-07 14:00:00'),
    (1555.61412::numeric, TIMESTAMP '2026-06-07 15:00:00'),
    (1555.60825::numeric, TIMESTAMP '2026-06-07 16:00:00'),
    (1555.61222::numeric, TIMESTAMP '2026-06-07 17:00:00'),
    (1556.34748::numeric, TIMESTAMP '2026-06-07 18:00:00'),
    (1556.34219::numeric, TIMESTAMP '2026-06-07 19:00:00'),
    (1556.34833::numeric, TIMESTAMP '2026-06-07 20:00:00'),
    (1558.42651::numeric, TIMESTAMP '2026-06-07 21:00:00'),
    (1552.27069::numeric, TIMESTAMP '2026-06-07 22:00:00'),
    (1554.33841::numeric, TIMESTAMP '2026-06-07 23:00:00'),
    (1557.55332::numeric, TIMESTAMP '2026-06-08 00:00:00'),
    (1556.00609::numeric, TIMESTAMP '2026-06-08 01:00:00'),
    (1558.38774::numeric, TIMESTAMP '2026-06-08 02:00:00'),
    (1559.8692::numeric, TIMESTAMP '2026-06-08 03:00:00'),
    (1559.3465::numeric, TIMESTAMP '2026-06-08 04:00:00'),
    (1559.47883::numeric, TIMESTAMP '2026-06-08 05:00:00'),
    (1560.01916::numeric, TIMESTAMP '2026-06-08 06:00:00'),
    (1559.61761::numeric, TIMESTAMP '2026-06-08 07:00:00'),
    (1556.78932::numeric, TIMESTAMP '2026-06-08 08:00:00'),
    (1547.49389::numeric, TIMESTAMP '2026-06-08 09:00:00'),
    (1549.82168::numeric, TIMESTAMP '2026-06-08 10:00:00'),
    (1547.55288::numeric, TIMESTAMP '2026-06-08 11:00:00'),
    (1549.28509::numeric, TIMESTAMP '2026-06-08 12:00:00'),
    (1548.8322::numeric, TIMESTAMP '2026-06-08 13:00:00'),
    (1542.47404::numeric, TIMESTAMP '2026-06-08 14:00:00'),
    (1533.43856::numeric, TIMESTAMP '2026-06-08 15:00:00'),
    (1531.66465::numeric, TIMESTAMP '2026-06-08 16:00:00'),
    (1532.5893::numeric, TIMESTAMP '2026-06-08 17:00:00'),
    (1533.37505::numeric, TIMESTAMP '2026-06-08 18:00:00'),
    (1534.66714::numeric, TIMESTAMP '2026-06-08 19:00:00'),
    (1527.95102::numeric, TIMESTAMP '2026-06-08 20:00:00'),
    (1527.44264::numeric, TIMESTAMP '2026-06-08 21:00:00'),
    (1528.35244::numeric, TIMESTAMP '2026-06-08 22:00:00'),
    (1527.95585::numeric, TIMESTAMP '2026-06-08 23:00:00'),
    (1528.26366::numeric, TIMESTAMP '2026-06-09 00:00:00'),
    (1526.74996::numeric, TIMESTAMP '2026-06-09 01:00:00'),
    (1526.68825::numeric, TIMESTAMP '2026-06-09 02:00:00'),
    (1526.91474::numeric, TIMESTAMP '2026-06-09 03:00:00'),
    (1527.80009::numeric, TIMESTAMP '2026-06-09 04:00:00'),
    (1526.86478::numeric, TIMESTAMP '2026-06-09 05:00:00'),
    (1527.11651::numeric, TIMESTAMP '2026-06-09 06:00:00'),
    (1526.88249::numeric, TIMESTAMP '2026-06-09 07:00:00'),
    (1528.6141::numeric, TIMESTAMP '2026-06-09 08:00:00'),
    (1521.70945::numeric, TIMESTAMP '2026-06-09 09:00:00'),
    (1517.05607::numeric, TIMESTAMP '2026-06-09 10:00:00'),
    (1518.06853::numeric, TIMESTAMP '2026-06-09 11:00:00'),
    (1519.46705::numeric, TIMESTAMP '2026-06-09 12:00:00'),
    (1516.84898::numeric, TIMESTAMP '2026-06-09 13:00:00'),
    (1510.62377::numeric, TIMESTAMP '2026-06-09 14:00:00'),
    (1515.96421::numeric, TIMESTAMP '2026-06-09 15:00:00'),
    (1520.35355::numeric, TIMESTAMP '2026-06-09 16:00:00'),
    (1520.48851::numeric, TIMESTAMP '2026-06-09 17:00:00'),
    (1521.82409::numeric, TIMESTAMP '2026-06-09 18:00:00'),
    (1523.65064::numeric, TIMESTAMP '2026-06-09 19:00:00'),
    (1525.55641::numeric, TIMESTAMP '2026-06-09 20:00:00'),
    (1526.9864::numeric, TIMESTAMP '2026-06-09 21:00:00'),
    (1524.93991::numeric, TIMESTAMP '2026-06-09 22:00:00'),
    (1526.25327::numeric, TIMESTAMP '2026-06-09 23:00:00'),
    (1530.30621::numeric, TIMESTAMP '2026-06-10 00:00:00'),
    (1531.89456::numeric, TIMESTAMP '2026-06-10 01:00:00'),
    (1528.75863::numeric, TIMESTAMP '2026-06-10 02:00:00'),
    (1525.95566::numeric, TIMESTAMP '2026-06-10 03:00:00'),
    (1525.82039::numeric, TIMESTAMP '2026-06-10 04:00:00'),
    (1524.26008::numeric, TIMESTAMP '2026-06-10 05:00:00'),
    (1524.49556::numeric, TIMESTAMP '2026-06-10 06:00:00'),
    (1525.73782::numeric, TIMESTAMP '2026-06-10 07:00:00'),
    (1526.50758::numeric, TIMESTAMP '2026-06-10 08:00:00'),
    (1519.72595::numeric, TIMESTAMP '2026-06-10 09:00:00'),
    (1523.74992::numeric, TIMESTAMP '2026-06-10 10:00:00'),
    (1524.44263::numeric, TIMESTAMP '2026-06-10 11:00:00'),
    (1524.13514::numeric, TIMESTAMP '2026-06-10 12:00:00'),
    (1524.83795::numeric, TIMESTAMP '2026-06-10 13:00:00'),
    (1524.2557::numeric, TIMESTAMP '2026-06-10 14:00:00'),
    (1526.18009::numeric, TIMESTAMP '2026-06-10 15:00:00'),
    (1526.21734::numeric, TIMESTAMP '2026-06-10 16:00:00'),
    (1523.80134::numeric, TIMESTAMP '2026-06-10 17:00:00'),
    (1522.97248::numeric, TIMESTAMP '2026-06-10 18:00:00'),
    (1522.27986::numeric, TIMESTAMP '2026-06-10 19:00:00'),
    (1524.73358::numeric, TIMESTAMP '2026-06-10 20:00:00'),
    (1520.71629::numeric, TIMESTAMP '2026-06-10 21:00:00'),
    (1519.40968::numeric, TIMESTAMP '2026-06-10 22:00:00'),
    (1519.88193::numeric, TIMESTAMP '2026-06-10 23:00:00'),
    (1519.42413::numeric, TIMESTAMP '2026-06-11 00:00:00'),
    (1520.82133::numeric, TIMESTAMP '2026-06-11 01:00:00'),
    (1519.70083::numeric, TIMESTAMP '2026-06-11 02:00:00'),
    (1521.04012::numeric, TIMESTAMP '2026-06-11 03:00:00'),
    (1521.49954::numeric, TIMESTAMP '2026-06-11 04:00:00'),
    (1522.74372::numeric, TIMESTAMP '2026-06-11 05:00:00'),
    (1522.16832::numeric, TIMESTAMP '2026-06-11 06:00:00'),
    (1520.81426::numeric, TIMESTAMP '2026-06-11 07:00:00'),
    (1525.15993::numeric, TIMESTAMP '2026-06-11 08:00:00'),
    (1525.58622::numeric, TIMESTAMP '2026-06-11 09:00:00'),
    (1527.39874::numeric, TIMESTAMP '2026-06-11 10:00:00'),
    (1527.40431::numeric, TIMESTAMP '2026-06-11 11:00:00'),
    (1525.96532::numeric, TIMESTAMP '2026-06-11 12:00:00'),
    (1526.40691::numeric, TIMESTAMP '2026-06-11 13:00:00'),
    (1528.29955::numeric, TIMESTAMP '2026-06-11 14:00:00'),
    (1533.02254::numeric, TIMESTAMP '2026-06-11 15:00:00'),
    (1531.29473::numeric, TIMESTAMP '2026-06-11 16:00:00'),
    (1530.71987::numeric, TIMESTAMP '2026-06-11 17:00:00'),
    (1530.86485::numeric, TIMESTAMP '2026-06-11 18:00:00'),
    (1530.89611::numeric, TIMESTAMP '2026-06-11 19:00:00'),
    (1529.74036::numeric, TIMESTAMP '2026-06-11 20:00:00'),
    (1531.81393::numeric, TIMESTAMP '2026-06-11 21:00:00'),
    (1530.86728::numeric, TIMESTAMP '2026-06-11 22:00:00'),
    (1532.22275::numeric, TIMESTAMP '2026-06-11 23:00:00'),
    (1531.26135::numeric, TIMESTAMP '2026-06-12 00:00:00'),
    (1531.48332::numeric, TIMESTAMP '2026-06-12 01:00:00'),
    (1522.8341::numeric, TIMESTAMP '2026-06-12 02:00:00'),
    (1520.40631::numeric, TIMESTAMP '2026-06-12 03:00:00'),
    (1516.39953::numeric, TIMESTAMP '2026-06-12 04:00:00'),
    (1516.15285::numeric, TIMESTAMP '2026-06-12 05:00:00'),
    (1521.05334::numeric, TIMESTAMP '2026-06-12 06:00:00'),
    (1516.79376::numeric, TIMESTAMP '2026-06-12 07:00:00'),
    (1518.4999::numeric, TIMESTAMP '2026-06-12 08:00:00'),
    (1518.64982::numeric, TIMESTAMP '2026-06-12 09:00:00'),
    (1521.06601::numeric, TIMESTAMP '2026-06-12 10:00:00'),
    (1520.98704::numeric, TIMESTAMP '2026-06-12 11:00:00'),
    (1521.21716::numeric, TIMESTAMP '2026-06-12 12:00:00'),
    (1521.34164::numeric, TIMESTAMP '2026-06-12 13:00:00'),
    (1521.72847::numeric, TIMESTAMP '2026-06-12 14:00:00'),
    (1521.26399::numeric, TIMESTAMP '2026-06-12 15:00:00'),
    (1522.09424::numeric, TIMESTAMP '2026-06-12 16:00:00'),
    (1517.6431::numeric, TIMESTAMP '2026-06-12 17:00:00'),
    (1517.95216::numeric, TIMESTAMP '2026-06-12 18:00:00'),
    (1521.05149::numeric, TIMESTAMP '2026-06-12 19:00:00'),
    (1519.6424::numeric, TIMESTAMP '2026-06-12 20:00:00'),
    (1521.18922::numeric, TIMESTAMP '2026-06-12 21:00:00'),
    (1520.32775::numeric, TIMESTAMP '2026-06-12 22:00:00'),
    (1516.26875::numeric, TIMESTAMP '2026-06-12 23:00:00'),
    (1518.52955::numeric, TIMESTAMP '2026-06-13 00:00:00'),
    (1517.20703::numeric, TIMESTAMP '2026-06-13 01:00:00'),
    (1518.16925::numeric, TIMESTAMP '2026-06-13 02:00:00'),
    (1518.07713::numeric, TIMESTAMP '2026-06-13 03:00:00'),
    (1517.76488::numeric, TIMESTAMP '2026-06-13 04:00:00'),
    (1518.19907::numeric, TIMESTAMP '2026-06-13 05:00:00'),
    (1517.9338::numeric, TIMESTAMP '2026-06-13 06:00:00'),
    (1517.25153::numeric, TIMESTAMP '2026-06-13 07:00:00'),
    (1517.65785::numeric, TIMESTAMP '2026-06-13 08:00:00'),
    (1518.42752::numeric, TIMESTAMP '2026-06-13 09:00:00'),
    (1518.42489::numeric, TIMESTAMP '2026-06-13 10:00:00'),
    (1518.42746::numeric, TIMESTAMP '2026-06-13 11:00:00'),
    (1518.34275::numeric, TIMESTAMP '2026-06-13 12:00:00'),
    (1518.37226::numeric, TIMESTAMP '2026-06-13 13:00:00'),
    (1518.39436::numeric, TIMESTAMP '2026-06-13 14:00:00'),
    (1518.37082::numeric, TIMESTAMP '2026-06-13 15:00:00'),
    (1518.40193::numeric, TIMESTAMP '2026-06-13 16:00:00'),
    (1518.38917::numeric, TIMESTAMP '2026-06-13 17:00:00'),
    (1518.41382::numeric, TIMESTAMP '2026-06-13 18:00:00'),
    (1518.40788::numeric, TIMESTAMP '2026-06-13 19:00:00'),
    (1518.37433::numeric, TIMESTAMP '2026-06-13 20:00:00'),
    (1518.44028::numeric, TIMESTAMP '2026-06-13 21:00:00'),
    (1519.10158::numeric, TIMESTAMP '2026-06-13 22:00:00'),
    (1518.98973::numeric, TIMESTAMP '2026-06-13 23:00:00'),
    (1518.58255::numeric, TIMESTAMP '2026-06-14 00:00:00'),
    (1518.30655::numeric, TIMESTAMP '2026-06-14 01:00:00'),
    (1518.34683::numeric, TIMESTAMP '2026-06-14 02:00:00'),
    (1518.29412::numeric, TIMESTAMP '2026-06-14 03:00:00'),
    (1518.26098::numeric, TIMESTAMP '2026-06-14 04:00:00'),
    (1518.18827::numeric, TIMESTAMP '2026-06-14 05:00:00'),
    (1518.01052::numeric, TIMESTAMP '2026-06-14 06:00:00'),
    (1518.05834::numeric, TIMESTAMP '2026-06-14 07:00:00'),
    (1517.47377::numeric, TIMESTAMP '2026-06-14 08:00:00'),
    (1517.20903::numeric, TIMESTAMP '2026-06-14 09:00:00'),
    (1517.41371::numeric, TIMESTAMP '2026-06-14 10:00:00'),
    (1517.96717::numeric, TIMESTAMP '2026-06-14 11:00:00'),
    (1517.97141::numeric, TIMESTAMP '2026-06-14 12:00:00'),
    (1517.99207::numeric, TIMESTAMP '2026-06-14 13:00:00'),
    (1517.98628::numeric, TIMESTAMP '2026-06-14 14:00:00'),
    (1518.26445::numeric, TIMESTAMP '2026-06-14 15:00:00'),
    (1518.26608::numeric, TIMESTAMP '2026-06-14 16:00:00'),
    (1518.2719::numeric, TIMESTAMP '2026-06-14 17:00:00'),
    (1518.30554::numeric, TIMESTAMP '2026-06-14 18:00:00'),
    (1518.3099::numeric, TIMESTAMP '2026-06-14 19:00:00'),
    (1518.31302::numeric, TIMESTAMP '2026-06-14 20:00:00'),
    (1518.31469::numeric, TIMESTAMP '2026-06-14 21:00:00'),
    (1518.27625::numeric, TIMESTAMP '2026-06-14 22:00:00'),
    (1517.72185::numeric, TIMESTAMP '2026-06-14 23:00:00'),
    (1517.67861::numeric, TIMESTAMP '2026-06-15 00:00:00'),
    (1517.74593::numeric, TIMESTAMP '2026-06-15 01:00:00'),
    (1518.2443::numeric, TIMESTAMP '2026-06-15 02:00:00'),
    (1518.16955::numeric, TIMESTAMP '2026-06-15 03:00:00'),
    (1518.11267::numeric, TIMESTAMP '2026-06-15 04:00:00'),
    (1520.34092::numeric, TIMESTAMP '2026-06-15 05:00:00'),
    (1518.60092::numeric, TIMESTAMP '2026-06-15 06:00:00'),
    (1518.30795::numeric, TIMESTAMP '2026-06-15 07:00:00'),
    (1510.51219::numeric, TIMESTAMP '2026-06-15 08:00:00'),
    (1507.67278::numeric, TIMESTAMP '2026-06-15 09:00:00'),
    (1512.89829::numeric, TIMESTAMP '2026-06-15 10:00:00'),
    (1512.19291::numeric, TIMESTAMP '2026-06-15 11:00:00'),
    (1511.96483::numeric, TIMESTAMP '2026-06-15 12:00:00'),
    (1511.71015::numeric, TIMESTAMP '2026-06-15 13:00:00'),
    (1508.39518::numeric, TIMESTAMP '2026-06-15 14:00:00'),
    (1513.05577::numeric, TIMESTAMP '2026-06-15 15:00:00'),
    (1514.52758::numeric, TIMESTAMP '2026-06-15 16:00:00'),
    (1513.54164::numeric, TIMESTAMP '2026-06-15 17:00:00'),
    (1514.91519::numeric, TIMESTAMP '2026-06-15 18:00:00'),
    (1513.47527::numeric, TIMESTAMP '2026-06-15 19:00:00'),
    (1514.04832::numeric, TIMESTAMP '2026-06-15 20:00:00'),
    (1511.81445::numeric, TIMESTAMP '2026-06-15 21:00:00'),
    (1512.9504::numeric, TIMESTAMP '2026-06-15 22:00:00'),
    (1512.32261::numeric, TIMESTAMP '2026-06-15 23:00:00'),
    (1515.1742::numeric, TIMESTAMP '2026-06-16 00:00:00'),
    (1514.52957::numeric, TIMESTAMP '2026-06-16 01:00:00'),
    (1514.37936::numeric, TIMESTAMP '2026-06-16 02:00:00'),
    (1514.50734::numeric, TIMESTAMP '2026-06-16 03:00:00'),
    (1514.59531::numeric, TIMESTAMP '2026-06-16 04:00:00'),
    (1514.08162::numeric, TIMESTAMP '2026-06-16 05:00:00'),
    (1515.06956::numeric, TIMESTAMP '2026-06-16 06:00:00'),
    (1519.01196::numeric, TIMESTAMP '2026-06-16 07:00:00'),
    (1513.43353::numeric, TIMESTAMP '2026-06-16 08:00:00'),
    (1514.18484::numeric, TIMESTAMP '2026-06-16 09:00:00'),
    (1513.97651::numeric, TIMESTAMP '2026-06-16 10:00:00'),
    (1511.75568::numeric, TIMESTAMP '2026-06-16 11:00:00'),
    (1513.5576::numeric, TIMESTAMP '2026-06-16 12:00:00'),
    (1512.65615::numeric, TIMESTAMP '2026-06-16 13:00:00'),
    (1513.53437::numeric, TIMESTAMP '2026-06-16 14:00:00'),
    (1508.93877::numeric, TIMESTAMP '2026-06-16 15:00:00'),
    (1508.85181::numeric, TIMESTAMP '2026-06-16 16:00:00'),
    (1507.47207::numeric, TIMESTAMP '2026-06-16 17:00:00'),
    (1506.51748::numeric, TIMESTAMP '2026-06-16 18:00:00'),
    (1506.28898::numeric, TIMESTAMP '2026-06-16 19:00:00'),
    (1507.98116::numeric, TIMESTAMP '2026-06-16 20:00:00'),
    (1507.63389::numeric, TIMESTAMP '2026-06-16 21:00:00'),
    (1509.72482::numeric, TIMESTAMP '2026-06-16 22:00:00'),
    (1508.58413::numeric, TIMESTAMP '2026-06-16 23:00:00'),
    (1508.20579::numeric, TIMESTAMP '2026-06-17 00:00:00'),
    (1508.26516::numeric, TIMESTAMP '2026-06-17 01:00:00'),
    (1508.99697::numeric, TIMESTAMP '2026-06-17 02:00:00'),
    (1509.05219::numeric, TIMESTAMP '2026-06-17 03:00:00'),
    (1509.18304::numeric, TIMESTAMP '2026-06-17 04:00:00'),
    (1509.16634::numeric, TIMESTAMP '2026-06-17 05:00:00'),
    (1510.93605::numeric, TIMESTAMP '2026-06-17 06:00:00'),
    (1512.90678::numeric, TIMESTAMP '2026-06-17 07:00:00'),
    (1511.92429::numeric, TIMESTAMP '2026-06-17 08:00:00'),
    (1512.19854::numeric, TIMESTAMP '2026-06-17 09:00:00'),
    (1512.98098::numeric, TIMESTAMP '2026-06-17 10:00:00'),
    (1513.70863::numeric, TIMESTAMP '2026-06-17 11:00:00'),
    (1515.32446::numeric, TIMESTAMP '2026-06-17 12:00:00'),
    (1512.87439::numeric, TIMESTAMP '2026-06-17 13:00:00'),
    (1511.99606::numeric, TIMESTAMP '2026-06-17 14:00:00'),
    (1512.52542::numeric, TIMESTAMP '2026-06-17 15:00:00'),
    (1511.91516::numeric, TIMESTAMP '2026-06-17 16:00:00'),
    (1513.71483::numeric, TIMESTAMP '2026-06-17 17:00:00'),
    (1515.07857::numeric, TIMESTAMP '2026-06-17 18:00:00'),
    (1516.5944::numeric, TIMESTAMP '2026-06-17 19:00:00'),
    (1517.48697::numeric, TIMESTAMP '2026-06-17 20:00:00'),
    (1516.15058::numeric, TIMESTAMP '2026-06-17 21:00:00'),
    (1515.92937::numeric, TIMESTAMP '2026-06-17 22:00:00'),
    (1515.57757::numeric, TIMESTAMP '2026-06-17 23:00:00'),
    (1514.36463::numeric, TIMESTAMP '2026-06-18 00:00:00'),
    (1515.2277::numeric, TIMESTAMP '2026-06-18 01:00:00'),
    (1515.56626::numeric, TIMESTAMP '2026-06-18 02:00:00'),
    (1525.09276::numeric, TIMESTAMP '2026-06-18 03:00:00'),
    (1530.00189::numeric, TIMESTAMP '2026-06-18 04:00:00'),
    (1527.79433::numeric, TIMESTAMP '2026-06-18 05:00:00'),
    (1520.30266::numeric, TIMESTAMP '2026-06-18 06:00:00'),
    (1526.18064::numeric, TIMESTAMP '2026-06-18 07:00:00'),
    (1526.20696::numeric, TIMESTAMP '2026-06-18 08:00:00'),
    (1524.92631::numeric, TIMESTAMP '2026-06-18 09:00:00'),
    (1524.71798::numeric, TIMESTAMP '2026-06-18 10:00:00'),
    (1521.28109::numeric, TIMESTAMP '2026-06-18 11:00:00'),
    (1520.9612::numeric, TIMESTAMP '2026-06-18 12:00:00'),
    (1521.02362::numeric, TIMESTAMP '2026-06-18 13:00:00'),
    (1523.47569::numeric, TIMESTAMP '2026-06-18 14:00:00'),
    (1528.09634::numeric, TIMESTAMP '2026-06-18 15:00:00'),
    (1530.09132::numeric, TIMESTAMP '2026-06-18 16:00:00'),
    (1537.90565::numeric, TIMESTAMP '2026-06-18 17:00:00'),
    (1535.84522::numeric, TIMESTAMP '2026-06-18 18:00:00'),
    (1539.58194::numeric, TIMESTAMP '2026-06-18 19:00:00'),
    (1538.66327::numeric, TIMESTAMP '2026-06-18 20:00:00'),
    (1537.60825::numeric, TIMESTAMP '2026-06-18 21:00:00'),
    (1536.10501::numeric, TIMESTAMP '2026-06-18 22:00:00'),
    (1533.99463::numeric, TIMESTAMP '2026-06-18 23:00:00'),
    (1540.39532::numeric, TIMESTAMP '2026-06-19 00:00:00'),
    (1540.56389::numeric, TIMESTAMP '2026-06-19 01:00:00'),
    (1541.10021::numeric, TIMESTAMP '2026-06-19 02:00:00'),
    (1542.0735::numeric, TIMESTAMP '2026-06-19 03:00:00'),
    (1540.18885::numeric, TIMESTAMP '2026-06-19 04:00:00'),
    (1538.36068::numeric, TIMESTAMP '2026-06-19 05:00:00'),
    (1539.03278::numeric, TIMESTAMP '2026-06-19 06:00:00'),
    (1535.26904::numeric, TIMESTAMP '2026-06-19 07:00:00'),
    (1535.989::numeric, TIMESTAMP '2026-06-19 08:00:00'),
    (1538.68795::numeric, TIMESTAMP '2026-06-19 09:00:00'),
    (1539.23673::numeric, TIMESTAMP '2026-06-19 10:00:00'),
    (1538.13526::numeric, TIMESTAMP '2026-06-19 11:00:00'),
    (1538.11236::numeric, TIMESTAMP '2026-06-19 12:00:00'),
    (1538.86599::numeric, TIMESTAMP '2026-06-19 13:00:00'),
    (1537.80059::numeric, TIMESTAMP '2026-06-19 14:00:00'),
    (1526.26075::numeric, TIMESTAMP '2026-06-19 15:00:00'),
    (1528.79772::numeric, TIMESTAMP '2026-06-19 16:00:00'),
    (1529.99626::numeric, TIMESTAMP '2026-06-19 17:00:00'),
    (1529.39504::numeric, TIMESTAMP '2026-06-19 18:00:00'),
    (1530.05492::numeric, TIMESTAMP '2026-06-19 19:00:00'),
    (1529.74145::numeric, TIMESTAMP '2026-06-19 20:00:00'),
    (1527.24726::numeric, TIMESTAMP '2026-06-19 21:00:00'),
    (1530.15331::numeric, TIMESTAMP '2026-06-19 22:00:00'),
    (1530.50948::numeric, TIMESTAMP '2026-06-19 23:00:00'),
    (1531.43927::numeric, TIMESTAMP '2026-06-20 00:00:00'),
    (1531.53148::numeric, TIMESTAMP '2026-06-20 01:00:00'),
    (1532.48604::numeric, TIMESTAMP '2026-06-20 02:00:00'),
    (1530.90939::numeric, TIMESTAMP '2026-06-20 03:00:00'),
    (1530.9564::numeric, TIMESTAMP '2026-06-20 04:00:00'),
    (1529.1441::numeric, TIMESTAMP '2026-06-20 05:00:00'),
    (1527.22353::numeric, TIMESTAMP '2026-06-20 06:00:00'),
    (1527.54549::numeric, TIMESTAMP '2026-06-20 07:00:00'),
    (1527.3994::numeric, TIMESTAMP '2026-06-20 08:00:00'),
    (1526.98329::numeric, TIMESTAMP '2026-06-20 09:00:00'),
    (1527.09037::numeric, TIMESTAMP '2026-06-20 10:00:00'),
    (1526.9791::numeric, TIMESTAMP '2026-06-20 11:00:00'),
    (1527.09516::numeric, TIMESTAMP '2026-06-20 12:00:00'),
    (1526.9824::numeric, TIMESTAMP '2026-06-20 13:00:00'),
    (1527.01646::numeric, TIMESTAMP '2026-06-20 14:00:00'),
    (1526.98531::numeric, TIMESTAMP '2026-06-20 15:00:00'),
    (1526.94757::numeric, TIMESTAMP '2026-06-20 16:00:00'),
    (1527.18055::numeric, TIMESTAMP '2026-06-20 17:00:00'),
    (1527.03559::numeric, TIMESTAMP '2026-06-20 18:00:00'),
    (1527.0566::numeric, TIMESTAMP '2026-06-20 19:00:00'),
    (1527.03955::numeric, TIMESTAMP '2026-06-20 20:00:00'),
    (1527.04329::numeric, TIMESTAMP '2026-06-20 21:00:00'),
    (1527.1807::numeric, TIMESTAMP '2026-06-20 22:00:00'),
    (1527.32916::numeric, TIMESTAMP '2026-06-20 23:00:00'),
    (1528.41523::numeric, TIMESTAMP '2026-06-21 00:00:00'),
    (1527.08185::numeric, TIMESTAMP '2026-06-21 01:00:00'),
    (1527.09352::numeric, TIMESTAMP '2026-06-21 02:00:00'),
    (1527.94628::numeric, TIMESTAMP '2026-06-21 03:00:00'),
    (1528.28371::numeric, TIMESTAMP '2026-06-21 04:00:00'),
    (1528.39832::numeric, TIMESTAMP '2026-06-21 05:00:00'),
    (1529.21529::numeric, TIMESTAMP '2026-06-21 06:00:00'),
    (1527.13942::numeric, TIMESTAMP '2026-06-21 07:00:00'),
    (1527.0729::numeric, TIMESTAMP '2026-06-21 08:00:00'),
    (1527.18822::numeric, TIMESTAMP '2026-06-21 09:00:00'),
    (1527.11689::numeric, TIMESTAMP '2026-06-21 10:00:00'),
    (1527.07308::numeric, TIMESTAMP '2026-06-21 11:00:00'),
    (1527.07809::numeric, TIMESTAMP '2026-06-21 12:00:00'),
    (1527.04495::numeric, TIMESTAMP '2026-06-21 13:00:00'),
    (1527.04018::numeric, TIMESTAMP '2026-06-21 14:00:00'),
    (1527.04656::numeric, TIMESTAMP '2026-06-21 15:00:00'),
    (1527.04428::numeric, TIMESTAMP '2026-06-21 16:00:00'),
    (1527.04354::numeric, TIMESTAMP '2026-06-21 17:00:00'),
    (1527.23462::numeric, TIMESTAMP '2026-06-21 18:00:00'),
    (1527.46539::numeric, TIMESTAMP '2026-06-21 19:00:00'),
    (1527.4669::numeric, TIMESTAMP '2026-06-21 20:00:00'),
    (1527.46989::numeric, TIMESTAMP '2026-06-21 21:00:00'),
    (1527.18231::numeric, TIMESTAMP '2026-06-21 22:00:00'),
    (1529.46725::numeric, TIMESTAMP '2026-06-21 23:00:00'),
    (1529.46343::numeric, TIMESTAMP '2026-06-22 00:00:00'),
    (1529.75247::numeric, TIMESTAMP '2026-06-22 01:00:00'),
    (1528.8824::numeric, TIMESTAMP '2026-06-22 02:00:00'),
    (1527.61916::numeric, TIMESTAMP '2026-06-22 03:00:00'),
    (1527.9122::numeric, TIMESTAMP '2026-06-22 04:00:00'),
    (1527.67501::numeric, TIMESTAMP '2026-06-22 05:00:00'),
    (1528.85125::numeric, TIMESTAMP '2026-06-22 06:00:00'),
    (1529.22835::numeric, TIMESTAMP '2026-06-22 07:00:00'),
    (1532.40972::numeric, TIMESTAMP '2026-06-22 08:00:00'),
    (1532.51647::numeric, TIMESTAMP '2026-06-22 09:00:00'),
    (1537.23116::numeric, TIMESTAMP '2026-06-22 10:00:00'),
    (1538.97453::numeric, TIMESTAMP '2026-06-22 11:00:00'),
    (1539.15684::numeric, TIMESTAMP '2026-06-22 12:00:00'),
    (1537.92673::numeric, TIMESTAMP '2026-06-22 13:00:00'),
    (1537.46211::numeric, TIMESTAMP '2026-06-22 14:00:00'),
    (1538.45047::numeric, TIMESTAMP '2026-06-22 15:00:00'),
    (1540.32355::numeric, TIMESTAMP '2026-06-22 16:00:00'),
    (1539.64172::numeric, TIMESTAMP '2026-06-22 17:00:00'),
    (1537.71381::numeric, TIMESTAMP '2026-06-22 18:00:00'),
    (1537.74364::numeric, TIMESTAMP '2026-06-22 19:00:00'),
    (1537.99933::numeric, TIMESTAMP '2026-06-22 20:00:00'),
    (1537.54698::numeric, TIMESTAMP '2026-06-22 21:00:00'),
    (1537.30023::numeric, TIMESTAMP '2026-06-22 22:00:00'),
    (1536.7059::numeric, TIMESTAMP '2026-06-22 23:00:00'),
    (1538.10114::numeric, TIMESTAMP '2026-06-23 00:00:00'),
    (1536.80894::numeric, TIMESTAMP '2026-06-23 01:00:00'),
    (1536.91193::numeric, TIMESTAMP '2026-06-23 02:00:00'),
    (1537.22545::numeric, TIMESTAMP '2026-06-23 03:00:00'),
    (1537.32649::numeric, TIMESTAMP '2026-06-23 04:00:00'),
    (1537.40831::numeric, TIMESTAMP '2026-06-23 05:00:00'),
    (1533.5578::numeric, TIMESTAMP '2026-06-23 06:00:00'),
    (1534.51041::numeric, TIMESTAMP '2026-06-23 07:00:00'),
    (1539.17141::numeric, TIMESTAMP '2026-06-23 08:00:00'),
    (1538.87549::numeric, TIMESTAMP '2026-06-23 09:00:00'),
    (1535.90035::numeric, TIMESTAMP '2026-06-23 10:00:00'),
    (1538.39678::numeric, TIMESTAMP '2026-06-23 11:00:00'),
    (1534.61803::numeric, TIMESTAMP '2026-06-23 12:00:00'),
    (1536.08905::numeric, TIMESTAMP '2026-06-23 13:00:00'),
    (1535.0596::numeric, TIMESTAMP '2026-06-23 14:00:00'),
    (1540.08321::numeric, TIMESTAMP '2026-06-23 15:00:00'),
    (1539.99281::numeric, TIMESTAMP '2026-06-23 16:00:00'),
    (1538.51897::numeric, TIMESTAMP '2026-06-23 17:00:00'),
    (1534.65149::numeric, TIMESTAMP '2026-06-23 18:00:00'),
    (1537.26558::numeric, TIMESTAMP '2026-06-23 19:00:00'),
    (1536.93411::numeric, TIMESTAMP '2026-06-23 20:00:00'),
    (1536.15944::numeric, TIMESTAMP '2026-06-23 21:00:00'),
    (1535.63438::numeric, TIMESTAMP '2026-06-23 22:00:00'),
    (1533.29334::numeric, TIMESTAMP '2026-06-23 23:00:00'),
    (1532.63928::numeric, TIMESTAMP '2026-06-24 00:00:00'),
    (1533.78348::numeric, TIMESTAMP '2026-06-24 01:00:00'),
    (1533.95054::numeric, TIMESTAMP '2026-06-24 02:00:00'),
    (1533.73054::numeric, TIMESTAMP '2026-06-24 03:00:00'),
    (1532.94234::numeric, TIMESTAMP '2026-06-24 04:00:00'),
    (1532.92621::numeric, TIMESTAMP '2026-06-24 05:00:00'),
    (1531.99115::numeric, TIMESTAMP '2026-06-24 06:00:00'),
    (1530.44926::numeric, TIMESTAMP '2026-06-24 07:00:00'),
    (1535.15866::numeric, TIMESTAMP '2026-06-24 08:00:00'),
    (1537.39371::numeric, TIMESTAMP '2026-06-24 09:00:00'),
    (1535.70752::numeric, TIMESTAMP '2026-06-24 10:00:00'),
    (1537.57711::numeric, TIMESTAMP '2026-06-24 11:00:00'),
    (1537.71266::numeric, TIMESTAMP '2026-06-24 12:00:00'),
    (1541.63139::numeric, TIMESTAMP '2026-06-24 13:00:00'),
    (1539.98099::numeric, TIMESTAMP '2026-06-24 14:00:00'),
    (1546.40303::numeric, TIMESTAMP '2026-06-24 15:00:00'),
    (1544.35178::numeric, TIMESTAMP '2026-06-24 16:00:00'),
    (1545.66231::numeric, TIMESTAMP '2026-06-24 17:00:00'),
    (1547.00056::numeric, TIMESTAMP '2026-06-24 18:00:00'),
    (1547.63612::numeric, TIMESTAMP '2026-06-24 19:00:00'),
    (1546.48797::numeric, TIMESTAMP '2026-06-24 20:00:00'),
    (1546.92833::numeric, TIMESTAMP '2026-06-24 21:00:00'),
    (1544.57183::numeric, TIMESTAMP '2026-06-24 22:00:00'),
    (1542.67449::numeric, TIMESTAMP '2026-06-24 23:00:00'),
    (1542.54935::numeric, TIMESTAMP '2026-06-25 00:00:00'),
    (1542.34879::numeric, TIMESTAMP '2026-06-25 01:00:00'),
    (1544.89364::numeric, TIMESTAMP '2026-06-25 02:00:00'),
    (1543.07302::numeric, TIMESTAMP '2026-06-25 03:00:00'),
    (1542.9705::numeric, TIMESTAMP '2026-06-25 04:00:00'),
    (1542.3245::numeric, TIMESTAMP '2026-06-25 05:00:00'),
    (1537.23769::numeric, TIMESTAMP '2026-06-25 06:00:00'),
    (1540.28177::numeric, TIMESTAMP '2026-06-25 07:00:00'),
    (1543.06047::numeric, TIMESTAMP '2026-06-25 08:00:00'),
    (1548.3637::numeric, TIMESTAMP '2026-06-25 09:00:00'),
    (1548.77062::numeric, TIMESTAMP '2026-06-25 10:00:00'),
    (1546.75494::numeric, TIMESTAMP '2026-06-25 11:00:00'),
    (1545.44976::numeric, TIMESTAMP '2026-06-25 12:00:00'),
    (1545.47686::numeric, TIMESTAMP '2026-06-25 13:00:00'),
    (1541.96097::numeric, TIMESTAMP '2026-06-25 14:00:00'),
    (1540.92666::numeric, TIMESTAMP '2026-06-25 15:00:00'),
    (1540.36666::numeric, TIMESTAMP '2026-06-25 16:00:00'),
    (1540.93868::numeric, TIMESTAMP '2026-06-25 17:00:00'),
    (1541.37056::numeric, TIMESTAMP '2026-06-25 18:00:00'),
    (1543.12006::numeric, TIMESTAMP '2026-06-25 19:00:00'),
    (1544.09866::numeric, TIMESTAMP '2026-06-25 20:00:00'),
    (1542.58077::numeric, TIMESTAMP '2026-06-25 21:00:00'),
    (1540.91542::numeric, TIMESTAMP '2026-06-25 22:00:00'),
    (1539.16148::numeric, TIMESTAMP '2026-06-25 23:00:00'),
    (1541.2064::numeric, TIMESTAMP '2026-06-26 00:00:00'),
    (1542.89882::numeric, TIMESTAMP '2026-06-26 01:00:00'),
    (1542.92893::numeric, TIMESTAMP '2026-06-26 02:00:00'),
    (1544.25129::numeric, TIMESTAMP '2026-06-26 03:00:00'),
    (1544.02867::numeric, TIMESTAMP '2026-06-26 04:00:00'),
    (1545.1072::numeric, TIMESTAMP '2026-06-26 05:00:00'),
    (1544.58417::numeric, TIMESTAMP '2026-06-26 06:00:00'),
    (1544.20652::numeric, TIMESTAMP '2026-06-26 07:00:00'),
    (1546.76804::numeric, TIMESTAMP '2026-06-26 08:00:00'),
    (1547.95811::numeric, TIMESTAMP '2026-06-26 09:00:00'),
    (1548.3108::numeric, TIMESTAMP '2026-06-26 10:00:00'),
    (1547.97973::numeric, TIMESTAMP '2026-06-26 11:00:00')
) AS v(mid, fetched)
WHERE NOT EXISTS (
    SELECT 1 FROM fx_rates f
    WHERE f.base_currency = 'USD' AND f.quote_currency = 'KRW'
      AND f.fetched_at < TIMESTAMP '2026-06-26 12:00:00'
);
